,email,name,password,balance,type,street,city,zip,state,id
0,jbutt@gmail.com,James,orangebunny16,100.0,Manager,6649 N Blue Gum St,New Orleans,70116,LA,12
1,josephine_darakjy@darakjy.org,Josephine,widecup23,100.0,Manager,4 B Blue Ridge Blvd,Brighton,48116,MI,13
2,art@venere.org,Art,nicearm11,100.0,Manager,8 W Cerritos Ave #54,Bridgeport,8014,NJ,14
3,lpaprocki@hotmail.com,Lenna,colddoor54,100.0,Manager,639 Main St,Anchorage,99501,AK,15
4,donette.foller@cox.net,Donette,funnyhair39,100.0,Manager,34 Center St,Hamilton,45011,OH,16
5,simona@morasca.com,Simona,coolwish58,100.0,Manager,3 Mcauley Dr,Ashland,44805,OH,17
6,mitsue_tollner@yahoo.com,Mitsue,graydime98,100.0,Manager,7 Eads St,Chicago,60632,IL,18
7,leota@hotmail.com,Leota,oddrock86,100.0,Manager,7 W Jackson Blvd,San Jose,95111,CA,19
8,sage_wieser@cox.net,Sage,rounddime44,100.0,Manager,5 Boston Ave #88,Sioux Falls,57105,SD,20
9,kris@gmail.com,Kris,loudkite36,100.0,Manager,228 Runamuck Pl #2808,Baltimore,21224,MD,21
10,minna_amigon@yahoo.com,Minna,proudbat52,100.0,Manager,2371 Jerrold Ave,Kulpsville,19443,PA,22
11,amaclead@gmail.com,Abel,widepig98,100.0,Manager,37275 St  Rt 17m M,Middle Island,11953,NY,23
12,kiley.caldarera@aol.com,Kiley,bigmeal67,100.0,Manager,25 E 75th St #69,Los Angeles,90034,CA,24
13,gruta@cox.net,Graciela,bluemap97,100.0,Manager,98 Connecticut Ave Nw,Chagrin Falls,44023,OH,25
14,calbares@gmail.com,Cammy,redcamp26,100.0,Manager,56 E Morehead St,Laredo,78045,TX,26
15,mattie@aol.com,Mattie,pinkjoke83,100.0,Manager,73 State Road 434 E,Phoenix,85013,AZ,27
16,meaghan@hotmail.com,Meaghan,oddmap42,100.0,Manager,69734 E Carrillo St,Mc Minnville,37110,TN,28
17,gladys.rim@rim.org,Gladys,proudbun87,100.0,Manager,322 New Horizon Blvd,Milwaukee,53207,WI,29
18,yuki_whobrey@aol.com,Yuki,sillydoll77,100.0,Manager,1 State Route 27,Taylor,48180,MI,30
19,fletcher.flosi@yahoo.com,Fletcher,kindstar14,100.0,Manager,394 Manchester Blvd,Rockford,61109,IL,31
20,bette_nicka@cox.net,Bette,oddhat83,100.0,Seller,6 S 33rd St,Aston,19014,PA,32
21,vinouye@aol.com,Veronika,cutecake30,100.0,Seller,6 Greenleaf Ave,San Jose,95111,CA,33
22,willard@hotmail.com,Willard,purplepig93,100.0,Seller,618 W Yakima Ave,Irving,75062,TX,34
23,mroyster@royster.com,Maryann,purplestar32,100.0,Seller,74 S Westgate St,Albany,12204,NY,35
24,alisha@slusarski.com,Alisha,cutedime86,100.0,Seller,3273 State St,Middlesex,8846,NJ,36
25,allene_iturbide@cox.net,Allene,widearm81,100.0,Seller,1 Central Ave,Stevens Point,54481,WI,37
26,chanel.caudy@caudy.org,Chanel,flatcup83,100.0,Seller,86 Nw 66th St #8673,Shawnee,66218,KS,38
27,ezekiel@chui.com,Ezekiel,drybun96,100.0,Seller,2 Cedar Ave #84,Easton,21601,MD,39
28,wkusko@yahoo.com,Willow,drydoll90,100.0,Seller,90991 Thorburn Ave,New York,10011,NY,40
29,bfigeroa@aol.com,Bernardo,pinkowl30,100.0,Seller,386 9th Ave N,Conroe,77301,TX,41
30,ammie@corrio.com,Ammie,tinyrock73,100.0,Seller,74874 Atlantic Ave,Columbus,43215,OH,42
31,francine_vocelka@vocelka.com,Francine,oldsong55,100.0,Seller,366 South Dr,Las Cruces,88011,NM,43
32,ernie_stenseth@aol.com,Ernie,bigbook47,100.0,Seller,45 E Liberty St,Ridgefield Park,7660,NJ,44
33,albina@glick.com,Albina,bluestar83,100.0,Seller,4 Ralph Ct,Dunellen,8812,NJ,45
34,asergi@gmail.com,Alishia,coldmeal86,100.0,Seller,2742 Distribution Way,New York,10025,NY,46
35,solange@shinko.com,Solange,shortbird63,100.0,Seller,426 Wolf St,Metairie,70002,LA,47
36,jose@yahoo.com,Jose,purpleegg50,100.0,Seller,128 Bransten Rd,New York,10011,NY,48
37,rozella.ostrosky@ostrosky.com,Rozella,loudcup65,100.0,Seller,17 Morena Blvd,Camarillo,93012,CA,49
38,valentine_gillian@gmail.com,Valentine,lowclam42,100.0,Seller,775 W 17th St,San Antonio,78204,TX,50
39,kati.rulapaugh@hotmail.com,Kati,jollyarm52,100.0,Seller,6980 Dorsett Rd,Abilene,67410,KS,51
40,youlanda@aol.com,Youlanda,youngcamp53,100.0,Seller,2881 Lewis Rd,Prineville,97754,OR,52
41,doldroyd@aol.com,Dyan,calmtoe14,100.0,Seller,7219 Woodfield Rd,Overland Park,66204,KS,53
42,roxane@hotmail.com,Roxane,tallwish35,100.0,Seller,1048 Main St,Fairbanks,99708,AK,54
43,lperin@perin.org,Lavera,redlock23,100.0,Seller,678 3rd Ave,Miami,33196,FL,55
44,erick.ferencz@aol.com,Erick,cutebun48,100.0,Seller,20 S Babcock St,Fairbanks,99712,AK,56
45,fsaylors@saylors.org,Fatima,roundbed17,100.0,Seller,2 Lighthouse Ave,Hopkins,55343,MN,57
46,jina_briddick@briddick.com,Jina,cutemeal86,100.0,Seller,38938 Park Blvd,Boston,2128,MA,58
47,kanisha_waycott@yahoo.com,Kanisha,purplebat47,100.0,Seller,5 Tomahawk Dr,Los Angeles,90006,CA,59
48,emerson.bowley@bowley.org,Emerson,wideegg39,100.0,Seller,762 S Main St,Madison,53711,WI,60
49,bmalet@yahoo.com,Blair,cutecow82,100.0,Seller,209 Decker Dr,Philadelphia,19132,PA,61
50,bbolognia@yahoo.com,Brock,youngbunny16,100.0,Seller,4486 W O St #1,New York,10003,NY,62
51,lnestle@hotmail.com,Lorrie,cleanplot76,100.0,Seller,39 S 7th St,Tullahoma,37388,TN,63
52,sabra@uyetake.org,Sabra,richtoe47,100.0,Seller,98839 Hawthorne Blvd #6101,Columbia,29201,SC,64
53,mmastella@mastella.com,Marjory,bluebed37,100.0,Seller,71 San Mateo Ave,Wayne,19087,PA,65
54,karl_klonowski@yahoo.com,Karl,proudseed23,100.0,Seller,76 Brooks St #9,Flemington,8822,NJ,66
55,twenner@aol.com,Tonette,flatcat89,100.0,Seller,4545 Courthouse Rd,Westbury,11590,NY,67
56,amber_monarrez@monarrez.org,Amber,purpledesk64,100.0,Seller,14288 Foster Ave #4121,Jenkintown,19046,PA,68
57,shenika@gmail.com,Shenika,graypest82,100.0,Seller,4 Otis St,Van Nuys,91405,CA,69
58,delmy.ahle@hotmail.com,Delmy,nicehat24,100.0,Seller,65895 S 16th St,Providence,2909,RI,70
59,deeanna_juhas@gmail.com,Deeanna,drycup40,100.0,Seller,14302 Pennsylvania Ave,Huntingdon Valley,19006,PA,71
60,bpugh@aol.com,Blondell,pinkkite94,100.0,Seller,201 Hawk Ct,Providence,2904,RI,72
61,jamal@vanausdal.org,Jamal,tinybook26,100.0,Seller,53075 Sw 152nd Ter #615,Monroe Township,8831,NJ,73
62,cecily@hollack.org,Cecily,yellowsock58,100.0,Seller,59 N Groesbeck Hwy,Austin,78731,TX,74
63,carmelina_lindall@lindall.com,Carmelina,happyhair97,100.0,Seller,2664 Lewis Rd,Littleton,80126,CO,75
64,maurine_yglesias@yglesias.com,Maurine,tinytoy39,100.0,Seller,59 Shady Ln #53,Milwaukee,53214,WI,76
65,tawna@gmail.com,Tawna,bigegg72,100.0,Seller,3305 Nabell Ave #679,New York,10009,NY,77
66,penney_weight@aol.com,Penney,flatcat62,100.0,Seller,18 Fountain St,Anchorage,99515,AK,78
67,elly_morocco@gmail.com,Elly,funnyseed26,100.0,Seller,7 W 32nd St,Erie,16502,PA,79
68,ilene.eroman@hotmail.com,Ilene,funnytoe37,100.0,Seller,2853 S Central Expy,Glen Burnie,21061,MD,80
69,vmondella@mondella.com,Vallie,quiettoy34,100.0,Seller,74 W College St,Boise,83707,ID,81
70,kallie.blackwood@gmail.com,Kallie,jollywish28,100.0,Seller,701 S Harrison Rd,San Francisco,94104,CA,82
71,johnetta_abdallah@aol.com,Johnetta,odddime27,100.0,Seller,1088 Pinehurst St,Chapel Hill,27514,NC,83
72,brhym@rhym.com,Bobbye,proudbird55,100.0,Seller,30 W 80th St #1995,San Carlos,94070,CA,84
73,micaela_rhymes@gmail.com,Micaela,prouddoll87,100.0,Seller,20932 Hedley St,Concord,94520,CA,85
74,tamar@hotmail.com,Tamar,richbird72,100.0,Seller,2737 Pistorio Rd #9230,London,43140,OH,86
75,moon@yahoo.com,Moon,roundjar75,100.0,Seller,74989 Brandon St,Wellsville,14895,NY,87
76,laurel_reitler@reitler.com,Laurel,kindsnow33,100.0,Seller,6 Kains Ave,Baltimore,21215,MD,88
77,delisa.crupi@crupi.com,Delisa,grayhose84,100.0,Seller,47565 W Grand Ave,Newark,7105,NJ,89
78,viva.toelkes@gmail.com,Viva,prettyclam43,100.0,Seller,4284 Dorigo Ln,Chicago,60647,IL,90
79,elza@yahoo.com,Elza,coldfrog49,100.0,Seller,6794 Lake Dr E,Newark,7104,NJ,91
80,devorah@hotmail.com,Devorah,oldhat77,100.0,Seller,31 Douglas Blvd #950,Clovis,88101,NM,92
81,timothy_mulqueen@mulqueen.org,Timothy,tallfrog71,100.0,Seller,44 W 4th St,Staten Island,10309,NY,93
82,ahoneywell@honeywell.com,Arlette,smallseed98,100.0,Seller,11279 Loytan St,Jacksonville,32254,FL,94
83,dominque.dickerson@dickerson.org,Dominque,coldlock92,100.0,Seller,69 Marquette Ave,Hayward,94545,CA,95
84,lettie_isenhower@yahoo.com,Lettie,greenbat68,100.0,Seller,70 W Main St,Beachwood,44122,OH,96
85,mmunns@cox.net,Myra,youngseed78,100.0,Seller,461 Prospect Pl #316,Euless,76040,TX,97
86,stephaine@barfield.com,Stephaine,cleansnow58,100.0,Seller,47154 Whipple Ave Nw,Gardena,90247,CA,98
87,lai.gato@gato.org,Lai,bigbun71,100.0,Seller,37 Alabama Ave,Evanston,60201,IL,99
88,stephen_emigh@hotmail.com,Stephen,greencow26,100.0,Seller,3777 E Richmond St #900,Akron,44302,OH,100
89,tshields@gmail.com,Tyra,drypig83,100.0,Seller,3 Fort Worth Ave,Philadelphia,19106,PA,101
90,twardrip@cox.net,Tammara,coldarm48,100.0,Seller,4800 Black Horse Pike,Burlingame,94010,CA,102
91,cory.gibes@gmail.com,Cory,orangestar35,100.0,Seller,83649 W Belmont Ave,San Gabriel,91776,CA,103
92,danica_bruschke@gmail.com,Danica,lowbunny92,100.0,Seller,840 15th Ave,Waco,76708,TX,104
93,wilda@cox.net,Wilda,widehat66,100.0,Seller,1747 Calle Amanecer #2,Anchorage,99501,AK,105
94,elvera.benimadho@cox.net,Elvera,richwish90,100.0,Seller,99385 Charity St #840,San Jose,95110,CA,106
95,carma@cox.net,Carma,flattiger49,100.0,Seller,68556 Central Hwy,San Leandro,94577,CA,107
96,malinda.hochard@yahoo.com,Malinda,bravetoe36,100.0,Seller,55 Riverside Ave,Indianapolis,46202,IN,108
97,natalie.fern@hotmail.com,Natalie,jollymall12,100.0,Seller,7140 University Ave,Rock Springs,82901,WY,109
98,lisha@centini.org,Lisha,smallwish16,100.0,Seller,64 5th Ave #1153,Mc Lean,22102,VA,110
99,arlene_klusman@gmail.com,Arlene,flathorse28,100.0,Seller,3 Secor Rd,New Orleans,70112,LA,111
100,alease@buemi.com,Alease,cleansock60,100.0,Seller,4 Webbs Chapel Rd,Boulder,80303,CO,112
101,louisa@cronauer.com,Louisa,quietpig11,100.0,Seller,524 Louisiana Ave Nw,San Leandro,94577,CA,113
102,angella.cetta@hotmail.com,Angella,oddcake30,100.0,Seller,185 Blackstone Bldge,Honolulu,96817,HI,114
103,cgoldammer@cox.net,Cyndy,proudbird89,100.0,Seller,170 Wyoming Ave,Burnsville,55337,MN,115
104,rosio.cork@gmail.com,Rosio,shortjar64,100.0,Seller,4 10th St W,High Point,27263,NC,116
105,ckorando@hotmail.com,Celeste,cutewish87,100.0,Seller,7 W Pinhook Rd,Lynbrook,11563,NY,117
106,twana.felger@felger.org,Twana,kindclam24,100.0,Seller,1 Commerce Way,Portland,97224,OR,118
107,estrella@aol.com,Estrella,proudtiger74,100.0,Seller,64 Lakeview Ave,Beloit,53511,WI,119
108,dkines@hotmail.com,Donte,kindcow81,100.0,Seller,3 Aspen St,Worcester,1602,MA,120
109,tiffiny_steffensmeier@cox.net,Tiffiny,jollyowl96,100.0,Seller,32860 Sierra Rd,Miami,33133,FL,121
110,emiceli@miceli.org,Edna,cleandog90,100.0,Seller,555 Main St,Erie,16502,PA,122
111,sue@aol.com,Sue,lowstar68,100.0,Seller,2 Se 3rd Ave,Mesquite,75149,TX,123
112,jshin@shin.com,Jesusa,greencow89,100.0,Seller,2239 Shawnee Mission Pky,Tullahoma,37388,TN,124
113,rolland@cox.net,Rolland,richdoll56,100.0,Seller,2726 Charcot Ave,Paterson,7501,NJ,125
114,pamella.schmierer@schmierer.org,Pamella,quiettoy79,100.0,Seller,5161 Dorsett Rd,Homestead,33030,FL,126
115,gkulzer@kulzer.org,Glory,oldpest22,100.0,Seller,55892 Jacksonville Rd,Owings Mills,21117,MD,127
116,shawna_palaspas@palaspas.org,Shawna,richdoll27,100.0,Seller,5 N Cleveland Massillon Rd,Thousand Oaks,91362,CA,128
117,brandon_callaro@hotmail.com,Brandon,youngplot43,100.0,Seller,7 Benton Dr,Honolulu,96819,HI,129
118,scarlet.cartan@yahoo.com,Scarlet,calmseed87,100.0,Seller,9390 S Howell Ave,Albany,31701,GA,130
119,oretha_menter@yahoo.com,Oretha,orangerock93,100.0,Seller,8 County Center Dr #647,Boston,2210,MA,131
120,tsmith@aol.com,Ty,pinkplot26,100.0,User,4646 Kaahumanu St,Hackensack,7601,NJ,132
121,xuan@gmail.com,Xuan,dryhat97,100.0,User,2 Monroe St,San Mateo,94403,CA,133
122,lindsey.dilello@hotmail.com,Lindsey,bravedoor66,100.0,User,52777 Leaders Heights Rd,Ontario,91761,CA,134
123,devora_perez@perez.org,Devora,quietpest31,100.0,User,72868 Blackington Ave,Oakland,94606,CA,135
124,hdemesa@cox.net,Herman,youngjoke68,100.0,User,9 Norristown Rd,Troy,12180,NY,136
125,rpapasergi@cox.net,Rory,purplecake16,100.0,User,83 County Road 437 #8581,Clarks Summit,18411,PA,137
126,talia_riopelle@aol.com,Talia,widemap63,100.0,User,1 N Harlem Ave #9,Orange,7050,NJ,138
127,van.shire@shire.com,Van,bluebook88,100.0,User,90131 J St,Pittstown,8867,NJ,139
128,lucina_lary@cox.net,Lucina,coldbed90,100.0,User,8597 W National Ave,Cocoa,32922,FL,140
129,bok.isaacs@aol.com,Bok,roundclam49,100.0,User,6 Gilson St,Bronx,10468,NY,141
130,rolande.spickerman@spickerman.com,Rolande,purpledog53,100.0,User,65 W Maple Ave,Pearl City,96782,HI,142
131,hpaulas@gmail.com,Howard,roundjoke32,100.0,User,866 34th Ave,Denver,80231,CO,143
132,kimbery_madarang@cox.net,Kimbery,proudbook30,100.0,User,798 Lund Farm Way,Rockaway,7866,NJ,144
133,thurman.manno@yahoo.com,Thurman,lowkite37,100.0,User,9387 Charcot Ave,Absecon,8201,NJ,145
134,becky.mirafuentes@mirafuentes.com,Becky,tinytoy41,100.0,User,30553 Washington Rd,Plainfield,7062,NJ,146
135,beatriz@yahoo.com,Beatriz,roundrock45,100.0,User,481 W Lemon St,Middleboro,2346,MA,147
136,marti.maybury@yahoo.com,Marti,cooldoor96,100.0,User,4 Warehouse Point Rd #7,Chicago,60638,IL,148
137,nieves_gotter@gmail.com,Nieves,calmsock78,100.0,User,4940 Pulaski Park Dr,Portland,97202,OR,149
138,lhagele@cox.net,Leatha,proudtoe55,100.0,User,627 Walford Ave,Dallas,75227,TX,150
139,vklimek@klimek.org,Valentin,cleanpig70,100.0,User,137 Pioneer Way,Chicago,60604,IL,151
140,melissa@cox.net,Melissa,sillycat56,100.0,User,61 13 Stoneridge #835,Findlay,45840,OH,152
141,sheridan.zane@zane.com,Sheridan,oldhose97,100.0,User,2409 Alabama Rd,Riverside,92501,CA,153
142,bulah_padilla@hotmail.com,Bulah,sillytoe57,100.0,User,8927 Vandever Ave,Waco,76707,TX,154
143,audra@kohnert.com,Audra,prettybunny60,100.0,User,134 Lewis Rd,Nashville,37211,TN,155
144,dweirather@aol.com,Daren,orangehat50,100.0,User,9 N College Ave #3,Milwaukee,53216,WI,156
145,fjillson@aol.com,Fernanda,bravesock33,100.0,User,60480 Old Us Highway 51,Preston,21655,MD,157
146,gearldine_gellinger@gellinger.com,Gearldine,bigtoy49,100.0,User,4 Bloomfield Ave,Irving,75061,TX,158
147,chau@gmail.com,Chau,drydesk50,100.0,User,429 Tiger Ln,Beverly Hills,90212,CA,159
148,theola_frey@frey.com,Theola,proudfog77,100.0,User,54169 N Main St,Massapequa,11758,NY,160
149,cheryl@haroldson.org,Cheryl,richpig43,100.0,User,92 Main St,Atlantic City,8401,NJ,161
150,lmerced@gmail.com,Laticia,proudhair86,100.0,User,72 Mannix Dr,Cincinnati,45203,OH,162
151,carissa.batman@yahoo.com,Carissa,smallrock55,100.0,User,12270 Caton Center Dr,Eugene,97401,OR,163
152,lezlie.craghead@craghead.org,Lezlie,oldegg73,100.0,User,749 W 18th St #45,Smithfield,27577,NC,164
153,oshealy@hotmail.com,Ozell,oldcat48,100.0,User,8 Industry Ln,New York,10002,NY,165
154,arminda@parvis.com,Arminda,smallbed32,100.0,User,1 Huntwood Ave,Phoenix,85017,AZ,166
155,reita.leto@gmail.com,Reita,yellowbun54,100.0,User,55262 N French Rd,Indianapolis,46240,IN,167
156,yolando@cox.net,Yolando,jollyplot76,100.0,User,422 E 21st St,Syracuse,13214,NY,168
157,lizette.stem@aol.com,Lizette,nicejoke94,100.0,User,501 N 19th Ave,Cherry Hill,8002,NJ,169
158,gpawlowicz@yahoo.com,Gregoria,oldhat13,100.0,User,455 N Main Ave,Garden City,11530,NY,170
159,cdeleo@deleo.com,Carin,flatsong77,100.0,User,1844 Southern Blvd,Little Rock,72202,AR,171
160,chantell@yahoo.com,Chantell,loudfrog28,100.0,User,2023 Greg St,Saint Paul,55101,MN,172
161,dyum@yahoo.com,Dierdre,lowegg97,100.0,User,63381 Jenks Ave,Philadelphia,19134,PA,173
162,larae_gudroe@gmail.com,Larae,coldpig15,100.0,User,6651 Municipal Rd,Houma,70360,LA,174
163,latrice.tolfree@hotmail.com,Latrice,jollybed76,100.0,User,81 Norris Ave #525,Ronkonkoma,11779,NY,175
164,kerry.theodorov@gmail.com,Kerry,proudlock36,100.0,User,6916 W Main St,Sacramento,95827,CA,176
165,dhidvegi@yahoo.com,Dorthy,tinywish18,100.0,User,9635 S Main St,Boise,83704,ID,177
166,fannie.lungren@yahoo.com,Fannie,purplehose31,100.0,User,17 Us Highway 111,Round Rock,78664,TX,178
167,evangelina@aol.com,Evangelina,bigdoll88,100.0,User,992 Civic Center Dr,Philadelphia,19123,PA,179
168,novella_degroot@degroot.org,Novella,oddbat93,100.0,User,303 N Radcliffe St,Hilo,96720,HI,180
169,choa@hoa.org,Clay,cutejar60,100.0,User,73 Saint Ann St #86,Reno,89502,NV,181
170,jfallick@yahoo.com,Jennifer,coolcake20,100.0,User,44 58th St,Wheeling,60090,IL,182
171,irma.wolfgramm@hotmail.com,Irma,flatsnow40,100.0,User,9745 W Main St,Randolph,7869,NJ,183
172,eun@yahoo.com,Eun,cutecake11,100.0,User,84 Bloomfield Ave,Spartanburg,29301,SC,184
173,sylvia_cousey@cousey.org,Sylvia,oddbed53,100.0,User,287 Youngstown Warren Rd,Hampstead,21074,MD,185
174,nana@aol.com,Nana,calmdime72,100.0,User,6 Van Buren St,Mount Vernon,10553,NY,186
175,layla.springe@cox.net,Layla,reddesk79,100.0,User,229 N Forty Driv,New York,10011,NY,187
176,joesph_degonia@degonia.org,Joesph,coldmeal18,100.0,User,2887 Knowlton St #5435,Berkeley,94710,CA,188
177,annabelle.boord@cox.net,Annabelle,oldwish34,100.0,User,523 Marquette Ave,Concord,1742,MA,189
178,stephaine@cox.net,Stephaine,tallcamp45,100.0,User,3717 Hamann Industrial Pky,San Francisco,94104,CA,190
179,nelida@gmail.com,Nelida,oddclam25,100.0,User,3 State Route 35 S,Paramus,7652,NJ,191
180,marguerita.hiatt@gmail.com,Marguerita,colddime91,100.0,User,82 N Highway 67,Oakley,94561,CA,192
181,ccookey@cookey.org,Carmela,richjar48,100.0,User,9 Murfreesboro Rd,Chicago,60623,IL,193
182,jbrideau@aol.com,Junita,younghose59,100.0,User,6 S Broadway St,Cedar Grove,7009,NJ,194
183,claribel_varriano@cox.net,Claribel,quietjoke91,100.0,User,6 Harry L Dr #6327,Perrysburg,43551,OH,195
184,benton.skursky@aol.com,Benton,bigcake88,100.0,User,47939 Porter Ave,Gardena,90248,CA,196
185,hillary.skulski@aol.com,Hillary,coolfrog65,100.0,User,9 Wales Rd Ne #914,Homosassa,34448,FL,197
186,merilyn_bayless@cox.net,Merilyn,youngjoke54,100.0,User,195 13n N,Santa Clara,95054,CA,198
187,tennaco@gmail.com,Teri,kindarm88,100.0,User,99 Tank Farm Rd,Hazleton,18201,PA,199
188,merlyn_lawler@hotmail.com,Merlyn,loudsong81,100.0,User,4671 Alemany Blvd,Jersey City,7304,NJ,200
189,gmontezuma@cox.net,Georgene,calmfrog98,100.0,User,98 University Dr,San Ramon,94583,CA,201
190,jmconnell@hotmail.com,Jettie,funnystar92,100.0,User,50 E Wacker Dr,Bridgewater,8807,NJ,202
191,lemuel.latzke@gmail.com,Lemuel,kindwish38,100.0,User,70 Euclid Ave #722,Bohemia,11716,NY,203
192,mknipp@gmail.com,Melodie,lowlock82,100.0,User,326 E Main St #6496,Thousand Oaks,91362,CA,204
193,candida_corbley@hotmail.com,Candida,kindsnow92,100.0,User,406 Main St,Somerville,8876,NJ,205
194,karan_karpin@gmail.com,Karan,cleandesk78,100.0,User,3 Elmwood Dr,Beaverton,97005,OR,206
195,andra@gmail.com,Andra,funnyhat16,100.0,User,9 Church St,Salem,97302,OR,207
196,fpoullion@poullion.com,Felicidad,cleantoe22,100.0,User,9939 N 14th St,Riverton,8077,NJ,208
197,belen_strassner@aol.com,Belen,coldtoe64,100.0,User,5384 Southwyck Blvd,Douglasville,30135,GA,209
198,gracia@melnyk.com,Gracia,quietrock53,100.0,User,97 Airport Loop Dr,Jacksonville,32216,FL,210
199,jhanafan@gmail.com,Jolanda,coolmouse29,100.0,User,37855 Nolan Rd,Bangor,4401,ME,211
200,barrett.toyama@toyama.org,Barrett,odddoll28,100.0,User,4252 N Washington Ave #9,Kennedale,76060,TX,212
201,helga_fredicks@yahoo.com,Helga,yellowmall73,100.0,User,42754 S Ash Ave,Buffalo,14228,NY,213
202,apinilla@cox.net,Ashlyn,youngseed88,100.0,User,703 Beville Rd,Opa Locka,33054,FL,214
203,fausto_agramonte@yahoo.com,Fausto,drytiger48,100.0,User,5 Harrison Rd,New York,10038,NY,215
204,ronny.caiafa@caiafa.org,Ronny,drydoll37,100.0,User,73 Southern Blvd,Philadelphia,19103,PA,216
205,marge@gmail.com,Marge,coldsnow60,100.0,User,189 Village Park Rd,Crestview,32536,FL,217
206,norah.waymire@gmail.com,Norah,tinymall61,100.0,User,6 Middlegate Rd #106,San Francisco,94107,CA,218
207,aliza@aol.com,Aliza,jollysnow78,100.0,User,1128 Delaware St,San Jose,95132,CA,219
208,mpelkowski@pelkowski.org,Mozell,jollyjar19,100.0,User,577 Parade St,South San Francisco,94080,CA,220
209,viola@gmail.com,Viola,redpest18,100.0,User,70 Mechanic St,Northridge,91325,CA,221
210,femard@emard.com,Franklyn,cutemouse28,100.0,User,4379 Highway 116,Philadelphia,19103,PA,222
211,willodean_konopacki@konopacki.org,Willodean,cleanpig13,100.0,User,55 Hawthorne Blvd,Lafayette,70506,LA,223
212,beckie.silvestrini@silvestrini.com,Beckie,smallhair84,100.0,User,7116 Western Ave,Dearborn,48126,MI,224
213,rgesick@gesick.org,Rebecka,funnycow43,100.0,User,2026 N Plankinton Ave #3,Austin,78754,TX,225
214,frederica_blunk@gmail.com,Frederica,funnycat43,100.0,User,99586 Main St,Dallas,75207,TX,226
215,glen_bartolet@hotmail.com,Glen,yellowsock45,100.0,User,8739 Hudson St,Vashon,98070,WA,227
216,freeman_gochal@aol.com,Freeman,cutehorse24,100.0,User,383 Gunderman Rd #197,Coatesville,19320,PA,228
217,vincent.meinerding@hotmail.com,Vincent,sillypig42,100.0,User,4441 Point Term Mkt,Philadelphia,19143,PA,229
218,rima@cox.net,Rima,nicehorse59,100.0,User,2972 Lafayette Ave,Gardena,90248,CA,230
219,gsarbacher@gmail.com,Glendora,widehair81,100.0,User,2140 Diamond Blvd,Rohnert Park,94928,CA,231
220,avery@cox.net,Avery,yellowcow28,100.0,User,93 Redmond Rd #492,Orlando,32803,FL,232
221,cristy@lother.com,Cristy,jollypest14,100.0,User,3989 Portage Tr,Escondido,92025,CA,233
222,nicolette_brossart@brossart.com,Nicolette,olddoor95,100.0,User,1 Midway Rd,Westborough,1581,MA,234
223,tracey@hotmail.com,Tracey,purplesong43,100.0,User,77132 Coon Rapids Blvd Nw,Conroe,77301,TX,235
224,virgina_tegarden@tegarden.com,Virgina,lowclam13,100.0,User,755 Harbor Way,Milwaukee,53226,WI,236
225,tfrankel@aol.com,Tiera,sillyarm65,100.0,User,87 Sierra Rd,El Monte,91731,CA,237
226,alaine_bergesen@cox.net,Alaine,lowfrog56,100.0,User,7667 S Hulen St #42,Yonkers,10701,NY,238
227,earleen_mai@cox.net,Earleen,proudbird53,100.0,User,75684 S Withlapopka Dr #32,Dallas,75227,TX,239
228,leonida@gobern.org,Leonida,pinkfog81,100.0,User,5 Elmwood Park Blvd,Biloxi,39530,MS,240
229,ressie.auffrey@yahoo.com,Ressie,cleanmap25,100.0,User,23 Palo Alto Sq,Miami,33134,FL,241
230,jmugnolo@yahoo.com,Justine,redbunny13,100.0,User,38062 E Main St,New York,10048,NY,242
231,eladia@saulter.com,Eladia,drydesk67,100.0,User,3958 S Dupont Hwy #7,Ramsey,7446,NJ,243
232,chaya@malvin.com,Chaya,loudcake92,100.0,User,560 Civic Center Dr,Ann Arbor,48103,MI,244
233,gwenn_suffield@suffield.org,Gwenn,yellowhorse37,100.0,User,3270 Dequindre Rd,Deer Park,11729,NY,245
234,skarpel@cox.net,Salena,cutelock32,100.0,User,1 Garfield Ave #7,Canton,44707,OH,246
235,yoko@fishburne.com,Yoko,funnyarm37,100.0,User,9122 Carpenter Ave,New Haven,6511,CT,247
236,taryn.moyd@hotmail.com,Taryn,purplemall24,100.0,User,48 Lenox St,Fairfax,22030,VA,248
237,katina_polidori@aol.com,Katina,happybed60,100.0,User,5 Little River Tpke,Wilmington,1887,MA,249
238,rickie.plumer@aol.com,Rickie,orangebun17,100.0,User,3 N Groesbeck Hwy,Toledo,43613,OH,250
239,alex@loader.com,Alex,redbun76,100.0,User,37 N Elm St #916,Tacoma,98409,WA,251
240,lashon@aol.com,Lashon,yellowcamp80,100.0,User,433 Westminster Blvd #590,Roseville,95661,CA,252
241,lburnard@burnard.com,Lauran,greenclam70,100.0,User,66697 Park Pl #3224,Riverton,82501,WY,253
242,ceola.setter@setter.org,Ceola,lowstar11,100.0,User,96263 Greenwood Pl,Warren,4864,ME,254
243,my@hotmail.com,My,cleanjoke79,100.0,User,8 Mcarthur Ln,Richboro,18954,PA,255
244,lorrine.worlds@worlds.com,Lorrine,sillymap62,100.0,User,8 Fair Lawn Ave,Tampa,33614,FL,256
245,peggie@cox.net,Peggie,smalltoy41,100.0,User,9 N 14th St,El Cajon,92020,CA,257
246,mraymo@yahoo.com,Marvel,reddog12,100.0,User,9 Vanowen St,College Station,77840,TX,258
247,daron_dinos@cox.net,Daron,shortcup81,100.0,User,18 Waterloo Geneva Rd,Highland Park,60035,IL,259
248,an_fritz@hotmail.com,An,oldplot28,100.0,User,506 S Hacienda Dr,Atlantic City,8401,NJ,260
249,portia.stimmel@aol.com,Portia,lowhose87,100.0,User,3732 Sherman Ave,Bridgewater,8807,NJ,261
250,rhea_aredondo@cox.net,Rhea,cutelock38,100.0,User,25657 Live Oak St,Brooklyn,11226,NY,262
251,bsama@cox.net,Benedict,richfog68,100.0,User,4923 Carey Ave,Saint Louis,63104,MO,263
252,alyce@arias.org,Alyce,flatowl24,100.0,User,3196 S Rider Trl,Stockton,95207,CA,264
253,heike@gmail.com,Heike,graymall44,100.0,User,3 Railway Ave #75,Little Falls,7424,NJ,265
254,carey_dopico@dopico.org,Carey,funnypig88,100.0,User,87393 E Highland Rd,Indianapolis,46220,IN,266
255,dottie@hellickson.org,Dottie,richcamp33,100.0,User,67 E Chestnut Hill Rd,Seattle,98133,WA,267
256,deandrea@yahoo.com,Deandrea,drylock19,100.0,User,33 Lewis Rd #46,Burlington,27215,NC,268
257,kimberlie_duenas@yahoo.com,Kimberlie,shortpig27,100.0,User,8100 Jacksonville Rd #7,Hays,67601,KS,269
258,martina_staback@staback.com,Martina,cleandog72,100.0,User,7 W Wabansia Ave #227,Orlando,32822,FL,270
259,skye_fillingim@yahoo.com,Skye,kindpest80,100.0,User,25 Minters Chapel Rd #9,Minneapolis,55401,MN,271
260,jade.farrar@yahoo.com,Jade,bluebunny37,100.0,User,6882 Torresdale Ave,Columbia,29201,SC,272
261,charlene.hamilton@hotmail.com,Charlene,purpleowl57,100.0,User,985 E 6th Ave,Santa Rosa,95407,CA,273
262,geoffrey@gmail.com,Geoffrey,flathair94,100.0,User,7 West Ave #1,Palatine,60067,IL,274
263,stevie.westerbeck@yahoo.com,Stevie,roundtoy82,100.0,User,26659 N 13th St,Costa Mesa,92626,CA,275
264,pamella@fortino.com,Pamella,jollybook82,100.0,User,669 Packerland Dr #1438,Denver,80212,CO,276
265,hhaufler@hotmail.com,Harrison,quietcat55,100.0,User,759 Eldora St,New Haven,6515,CT,277
266,jengelberg@engelberg.org,Johnna,cutebird37,100.0,User,5 S Colorado Blvd #449,Bothell,98021,WA,278
267,buddy.cloney@yahoo.com,Buddy,shorttoe42,100.0,User,944 Gaither Dr,Strongsville,44136,OH,279
268,dalene.riden@aol.com,Dalene,proudbird60,100.0,User,66552 Malone Rd,Plaistow,3865,NH,280
269,jzurcher@zurcher.org,Jerry,oldwish44,100.0,User,77 Massillon Rd #822,Satellite Beach,32937,FL,281
270,hdenooyer@denooyer.org,Haydee,happytoy40,100.0,User,25346 New Rd,New York,10016,NY,282
271,joseph_cryer@cox.net,Joseph,loudcow58,100.0,User,60 Fillmore Ave,Huntington Beach,92647,CA,283
272,deonna_kippley@hotmail.com,Deonna,flatsong98,100.0,User,57 Haven Ave #90,Southfield,48075,MI,284
273,raymon.calvaresi@gmail.com,Raymon,roundowl23,100.0,User,6538 E Pomona St #60,Indianapolis,46222,IN,285
274,alecia@aol.com,Alecia,roundcat77,100.0,User,6535 Joyce St,Wichita Falls,76301,TX,286
275,mlayous@hotmail.com,Ma,yellowfog92,100.0,User,78112 Morris Ave,North Haven,6473,CT,287
276,detra@aol.com,Detra,graydime62,100.0,User,96950 Hidden Ln,Aberdeen,21001,MD,288
277,terrilyn.rodeigues@cox.net,Terrilyn,oddegg17,100.0,User,3718 S Main St,New Orleans,70130,LA,289
278,slacovara@gmail.com,Salome,oldsnow30,100.0,User,9677 Commerce Dr,Richmond,23219,VA,290
279,garry_keetch@hotmail.com,Garry,bigtoe39,100.0,User,5 Green Pond Rd #4,Southampton,18966,PA,291
280,mneither@yahoo.com,Matthew,purpletoe51,100.0,User,636 Commerce Dr #42,Shakopee,55379,MN,292
281,theodora.restrepo@restrepo.com,Theodora,coldbook56,100.0,User,42744 Hamann Industrial Pky #82,Miami,33136,FL,293
282,noah.kalafatis@aol.com,Noah,bravebat26,100.0,User,1950 5th Ave,Milwaukee,53209,WI,294
283,csweigard@sweigard.com,Carmen,lowegg20,100.0,User,61304 N French Rd,Somerset,8873,NJ,295
284,lavonda@cox.net,Lavonda,nicehair87,100.0,User,87 Imperial Ct #79,Fargo,58102,ND,296
285,junita@aol.com,Junita,flatbed61,100.0,User,94 W Dodge Rd,Carson City,89701,NV,297
286,herminia@nicolozakes.org,Herminia,happymouse81,100.0,User,4 58th St #3519,Scottsdale,85254,AZ,298
287,casie.good@aol.com,Casie,kindsnow97,100.0,User,5221 Bear Valley Rd,Nashville,37211,TN,299
288,reena@hotmail.com,Reena,oddplot29,100.0,User,9648 S Main,Salisbury,21801,MD,300
289,mirta_mallett@gmail.com,Mirta,bigcamp54,100.0,User,7 S San Marcos Rd,New York,10004,NY,301
290,cathrine.pontoriero@pontoriero.com,Cathrine,redjoke26,100.0,User,812 S Haven St,Amarillo,79109,TX,302
291,ftawil@hotmail.com,Filiberto,orangeowl87,100.0,User,3882 W Congress St #799,Los Angeles,90016,CA,303
292,rupthegrove@yahoo.com,Raul,sillytoe29,100.0,User,4 E Colonial Dr,La Mesa,91942,CA,304
293,sarah.candlish@gmail.com,Sarah,coolbat49,100.0,User,45 2nd Ave #9759,Atlanta,30328,GA,305
294,lucy@cox.net,Lucy,purplejoke95,100.0,User,57254 Brickell Ave #372,Worcester,1602,MA,306
295,jaquas@aquas.com,Judy,happyseed86,100.0,User,8977 Connecticut Ave Nw #3,Niles,49120,MI,307
296,yvonne.tjepkema@hotmail.com,Yvonne,prouddime79,100.0,User,9 Waydell St,Fairfield,7004,NJ,308
297,kayleigh.lace@yahoo.com,Kayleigh,shorthorse28,100.0,User,43 Huey P Long Ave,Lafayette,70508,LA,309
298,felix_hirpara@cox.net,Felix,oldhose35,100.0,User,7563 Cornwall Rd #4462,Denver,17517,PA,310
299,tresa_sweely@hotmail.com,Tresa,coolcat76,100.0,User,22 Bridle Ln,Valley Park,63088,MO,311
300,kristeen@gmail.com,Kristeen,tinysong87,100.0,User,70099 E North Ave,Arlington,76013,TX,312
301,jregusters@regusters.com,Jenelle,cleanbunny11,100.0,User,3211 E Northeast Loop,Tampa,33619,FL,313
302,renea@hotmail.com,Renea,cutebat30,100.0,User,26 Montgomery St,Atlanta,30328,GA,314
303,olive@aol.com,Olive,cuteclam61,100.0,User,13252 Lighthouse Ave,Cathedral City,92234,CA,315
304,lreiber@cox.net,Ligia,shortclam93,100.0,User,206 Main St #2804,Lansing,48933,MI,316
305,christiane.eschberger@yahoo.com,Christiane,bravelock62,100.0,User,96541 W Central Blvd,Phoenix,85034,AZ,317
306,goldie.schirpke@yahoo.com,Goldie,bigcup15,100.0,User,34 Saint George Ave #2,Bangor,4401,ME,318
307,loreta.timenez@hotmail.com,Loreta,widedesk58,100.0,User,47857 Coney Island Ave,Clinton,20735,MD,319
308,fabiola.hauenstein@hauenstein.org,Fabiola,prettycup90,100.0,User,8573 Lincoln Blvd,York,17404,PA,320
309,amie.perigo@yahoo.com,Amie,youngfog60,100.0,User,596 Santa Maria Ave #7913,Mesquite,75150,TX,321
310,raina.brachle@brachle.org,Raina,proudbat80,100.0,User,3829 Ventura Blvd,Butte,59701,MT,322
311,erinn.canlas@canlas.com,Erinn,graybird11,100.0,User,13 S Hacienda Dr,Livingston,7039,NJ,323
312,cherry@lietz.com,Cherry,youngbat35,100.0,User,40 9th Ave Sw #91,Waterford,48329,MI,324
313,kattie@vonasek.org,Kattie,bigowl94,100.0,User,2845 Boulder Crescent St,Cleveland,44103,OH,325
314,lilli@aol.com,Lilli,funnymouse31,100.0,User,33 State St,Abilene,79601,TX,326
315,whitley.tomasulo@aol.com,Whitley,greenarm14,100.0,User,2 S 15th St,Fort Worth,76107,TX,327
316,badkin@hotmail.com,Barbra,prettysnow42,100.0,User,4 Kohler Memorial Dr,Brooklyn,11230,NY,328
317,hermila_thyberg@hotmail.com,Hermila,tallseed32,100.0,User,1 Rancho Del Mar Shopping C,Providence,2903,RI,329
318,jesusita.flister@hotmail.com,Jesusita,jollyseed68,100.0,User,3943 N Highland Ave,Lancaster,17601,PA,330
319,caitlin.julia@julia.org,Caitlin,tinydoor39,100.0,User,5 Williams St,Johnston,2919,RI,331
320,roosevelt.hoffis@aol.com,Roosevelt,oddsock91,100.0,User,60 Old Dover Rd,Hialeah,33014,FL,332
321,hhalter@yahoo.com,Helaine,funnybook27,100.0,User,8 Sheridan Rd,Jersey City,7304,NJ,333
322,lorean.martabano@hotmail.com,Lorean,smallsong67,100.0,User,85092 Southern Blvd,San Antonio,78204,TX,334
323,france.buzick@yahoo.com,France,yellowdime39,100.0,User,64 Newman Springs Rd E,Brooklyn,11219,NY,335
324,jferrario@hotmail.com,Justine,nicecat23,100.0,User,48 Stratford Ave,Pomona,91768,CA,336
325,adelina_nabours@gmail.com,Adelina,quietcat74,100.0,User,80 Pittsford Victor Rd #9,Cleveland,44103,OH,337
326,ddhamer@cox.net,Derick,shortrock48,100.0,User,87163 N Main Ave,New York,10013,NY,338
327,jerry.dallen@yahoo.com,Jerry,dryhair31,100.0,User,393 Lafayette Ave,Richmond,23219,VA,339
328,leota.ragel@gmail.com,Leota,kindseed61,100.0,User,99 5th Ave #33,Trion,30753,GA,340
329,jamyot@hotmail.com,Jutta,prettybun96,100.0,User,49 N Mays St,Broussard,70518,LA,341
330,aja_gehrett@hotmail.com,Aja,richbunny66,100.0,User,993 Washington Ave,Nutley,7110,NJ,342
331,kirk.herritt@aol.com,Kirk,graykite27,100.0,User,88 15th Ave Ne,Vestal,13850,NY,343
332,leonora@yahoo.com,Leonora,smalllock14,100.0,User,3381 E 40th Ave,Passaic,7055,NJ,344
333,winfred_brucato@hotmail.com,Winfred,reddesk76,100.0,User,201 Ridgewood Rd,Moscow,83843,ID,345
334,tarra.nachor@cox.net,Tarra,flatcat48,100.0,User,39 Moccasin Dr,San Francisco,94104,CA,346
335,corinne@loder.org,Corinne,coldrock48,100.0,User,4 Carroll St,North Attleboro,2760,MA,347
336,dulce_labreche@yahoo.com,Dulce,olddoll66,100.0,User,9581 E Arapahoe Rd,Rochester,48307,MI,348
337,kate_keneipp@yahoo.com,Kate,bluebed30,100.0,User,33 N Michigan Ave,Green Bay,54301,WI,349
338,kaitlyn.ogg@gmail.com,Kaitlyn,dryhose39,100.0,User,2 S Biscayne Blvd,Baltimore,21230,MD,350
339,sherita.saras@cox.net,Sherita,richjar35,100.0,User,8 Us Highway 22,Colorado Springs,80937,CO,351
340,lstuer@cox.net,Lashawnda,pinkmall98,100.0,User,7422 Martin Ave #8,Toledo,43607,OH,352
341,ernest@cox.net,Ernest,roundjar92,100.0,User,94 Chase Rd,Hyattsville,20785,MD,353
342,nobuko.halsey@yahoo.com,Nobuko,widejar21,100.0,User,8139 I Hwy 10 #92,New Bedford,2745,MA,354
343,lavonna.wolny@hotmail.com,Lavonna,coolseed58,100.0,User,5 Cabot Rd,Mc Lean,22102,VA,355
344,llizama@cox.net,Lashaunda,tinybunny72,100.0,User,3387 Ryan Dr,Hanover,21076,MD,356
345,mariann.bilden@aol.com,Mariann,bravebun83,100.0,User,3125 Packer Ave #9851,Austin,78753,TX,357
346,helene@aol.com,Helene,sillytoe45,100.0,User,347 Chestnut St,Peoria,85381,AZ,358
347,roselle.estell@hotmail.com,Roselle,coldcow66,100.0,User,8116 Mount Vernon Ave,Bucyrus,44820,OH,359
348,sheintzman@hotmail.com,Samira,kindarm65,100.0,User,8772 Old County Rd #5410,Kent,98032,WA,360
349,margart_meisel@yahoo.com,Margart,smallmeal35,100.0,User,868 State St #38,Cincinnati,45251,OH,361
350,kristofer.bennick@yahoo.com,Kristofer,bravebook73,100.0,User,772 W River Dr,Bloomington,47404,IN,362
351,wacuff@gmail.com,Weldon,greencat94,100.0,User,73 W Barstow Ave,Arlington Heights,60004,IL,363
352,shalon@cox.net,Shalon,bigdog85,100.0,User,61047 Mayfield Ave,Brooklyn,11223,NY,364
353,denise@patak.org,Denise,roundbed27,100.0,User,2139 Santa Rosa Ave,Orlando,32801,FL,365
354,louvenia.beech@beech.com,Louvenia,yellowcamp89,100.0,User,598 43rd St,Beverly Hills,90210,CA,366
355,audry.yaw@yaw.org,Audry,oldtiger87,100.0,User,70295 Pioneer Ct,Brandon,33511,FL,367
356,kristel.ehmann@aol.com,Kristel,louddoor74,100.0,User,92899 Kalakaua Ave,El Paso,79925,TX,368
357,vzepp@gmail.com,Vincenza,cutefrog16,100.0,User,395 S 6th St #2,El Cajon,92020,CA,369
358,egwalthney@yahoo.com,Elouise,blueegg66,100.0,User,9506 Edgemore Ave,Bladensburg,20710,MD,370
359,venita_maillard@gmail.com,Venita,loudbook45,100.0,User,72119 S Walker Ave #63,Anaheim,92801,CA,371
360,kasandra_semidey@semidey.com,Kasandra,coolhorse66,100.0,User,369 Latham St #500,Saint Louis,63102,MO,372
361,xdiscipio@gmail.com,Xochitl,tallcow50,100.0,User,3158 Runamuck Pl,Round Rock,78664,TX,373
362,mlinahan@yahoo.com,Maile,prettytiger76,100.0,User,9 Plainsboro Rd #598,Greensboro,27409,NC,374
363,krauser@cox.net,Krissy,lowsnow54,100.0,User,8728 S Broad St,Coram,11727,NY,375
364,pdubaldi@hotmail.com,Pete,youngmeal33,100.0,User,2215 Prosperity Dr,Lyndhurst,7071,NJ,376
365,linn_paa@paa.com,Linn,cutekite94,100.0,User,1 S Pine St,Memphis,38112,TN,377
366,paris@hotmail.com,Paris,tinycat34,100.0,User,187 Market St,Atlanta,30342,GA,378
367,wynell_dorshorst@dorshorst.org,Wynell,cutecup88,100.0,User,94290 S Buchanan St,Pacifica,94044,CA,379
368,qbirkner@aol.com,Quentin,richkite44,100.0,User,7061 N 2nd St,Burnsville,55337,MN,380
369,regenia.kannady@cox.net,Regenia,smallbat27,100.0,User,10759 Main St,Scottsdale,85260,AZ,381
370,sheron@aol.com,Sheron,cooldoll85,100.0,User,97 E 3rd St #9,Long Island City,11101,NY,382
371,izetta.funnell@hotmail.com,Izetta,happypest43,100.0,User,82 Winsor St #54,Atlanta,30340,GA,383
372,rodolfo@hotmail.com,Rodolfo,graybunny64,100.0,User,41 Steel Ct,Northfield,55057,MN,384
373,zona@hotmail.com,Zona,jollytoe85,100.0,User,49440 Dearborn St,Norwalk,6854,CT,385
374,szagen@aol.com,Serina,bigtoy19,100.0,User,7 S Beverly Dr,Fort Wayne,46802,IN,386
375,paz_sahagun@cox.net,Paz,proudbat33,100.0,User,919 Wall Blvd,Meridian,39307,MS,387
376,markus@yahoo.com,Markus,proudpest12,100.0,User,89 20th St E #779,Sterling Heights,48310,MI,388
377,jaclyn@aol.com,Jaclyn,coldcake93,100.0,User,721 Interstate 45 S,Colorado Springs,80919,CO,389
378,cyril_daufeldt@daufeldt.com,Cyril,oddowl82,100.0,User,3 Lawton St,New York,10013,NY,390
379,gschnitzler@gmail.com,Gayla,nicehose86,100.0,User,38 Pleasant Hill Rd,Hayward,94545,CA,391
380,erick_nievas@aol.com,Erick,tinymeal32,100.0,User,45 E Acacia Ct,Chicago,60624,IL,392
381,jennie@cox.net,Jennie,dryegg17,100.0,User,63728 Poway Rd #1,Scranton,18509,PA,393
382,mscipione@scipione.com,Mitsue,quietcat14,100.0,User,77 222 Dr,Oroville,95965,CA,394
383,cventura@yahoo.com,Ciara,coldtiger95,100.0,User,53 W Carey St,Port Jervis,12771,NY,395
384,galen@yahoo.com,Galen,calmfrog42,100.0,User,617 Nw 36th Ave,Brook Park,44142,OH,396
385,tfeichtner@yahoo.com,Truman,bluedoll52,100.0,User,539 Coldwater Canyon Ave,Bloomfield,7003,NJ,397
386,gail@kitty.com,Gail,cleanbat30,100.0,User,735 Crawford Dr,Anchorage,99501,AK,398
387,dalene@schoeneck.org,Dalene,olddesk35,100.0,User,910 Rahway Ave,Philadelphia,19102,PA,399
388,gertude.witten@gmail.com,Gertude,funnyjoke86,100.0,User,7 Tarrytown Rd,Cincinnati,45217,OH,400
389,lizbeth@yahoo.com,Lizbeth,oddcake28,100.0,User,35433 Blake St #588,Gardena,90248,CA,401
390,gberray@gmail.com,Glenn,orangebat71,100.0,User,29 Cherry St #7073,Des Moines,50315,IA,402
391,lashandra@yahoo.com,Lashandra,oddrock91,100.0,User,810 N La Brea Ave,King of Prussia,19406,PA,403
392,lnewville@newville.com,Lenna,oddtoy17,100.0,User,987 Main St,Raleigh,27601,NC,404
393,laurel@yahoo.com,Laurel,cutedoor79,100.0,User,36 Enterprise St Se,Richland,99352,WA,405
394,mireya.frerking@hotmail.com,Mireya,bluejoke90,100.0,User,8429 Miller Rd,Pelham,10803,NY,406
395,annelle@yahoo.com,Annelle,greensnow71,100.0,User,5 W 7th St,Parkville,21234,MD,407
396,dean_ketelsen@gmail.com,Dean,drymap42,100.0,User,2 Flynn Rd,Hicksville,11801,NY,408
397,levi.munis@gmail.com,Levi,funnysock28,100.0,User,2094 Ne 36th Ave,Worcester,1603,MA,409
398,sylvie@aol.com,Sylvie,bigmeal75,100.0,User,649 Tulane Ave,Tulsa,74105,OK,410
399,sharee_maile@aol.com,Sharee,richpest43,100.0,User,2094 Montour Blvd,Muskegon,49442,MI,411
400,cordelia_storment@aol.com,Cordelia,quiettiger19,100.0,User,393 Hammond Dr,Lafayette,70506,LA,412
401,mollie_mcdoniel@yahoo.com,Mollie,calmhorse59,100.0,User,8590 Lake Lizzie Dr,Bowling Green,43402,OH,413
402,brett.mccullan@mccullan.com,Brett,purplesock44,100.0,User,87895 Concord Rd,La Mesa,91942,CA,414
403,teddy_pedrozo@aol.com,Teddy,jollybun44,100.0,User,46314 Route 130,Bridgeport,6610,CT,415
404,tasia_andreason@yahoo.com,Tasia,quietmall71,100.0,User,4 Cowesett Ave,Kearny,7032,NJ,416
405,hubert@walthall.org,Hubert,funnyfog27,100.0,User,95 Main Ave #2,Barberton,44203,OH,417
406,arthur.farrow@yahoo.com,Arthur,cutecamp22,100.0,User,28 S 7th St #2824,Englewood,7631,NJ,418
407,vberlanga@berlanga.com,Vilma,bravehorse31,100.0,User,79 S Howell Ave,Grand Rapids,49546,MI,419
408,billye_miro@cox.net,Billye,louddoll38,100.0,User,36 Lancaster Dr Se,Pearl,39208,MS,420
409,glenna_slayton@cox.net,Glenna,cutehat45,100.0,User,2759 Livingston Ave,Memphis,38118,TN,421
410,mitzie_hudnall@yahoo.com,Mitzie,smallbun56,100.0,User,17 Jersey Ave,Englewood,80110,CO,422
411,bernardine_rodefer@yahoo.com,Bernardine,coldtoy37,100.0,User,2 W Grand Ave,Memphis,38112,TN,423
412,staci_schmaltz@aol.com,Staci,nicesock27,100.0,User,18 Coronado Ave #563,Pasadena,91106,CA,424
413,nichelle_meteer@meteer.com,Nichelle,tallhat89,100.0,User,72 Beechwood Ter,Chicago,60657,IL,425
414,jrhoden@yahoo.com,Janine,widearm91,100.0,User,92 Broadway,Astoria,11103,NY,426
415,ettie.hoopengardner@hotmail.com,Ettie,graytoe50,100.0,User,39 Franklin Ave,Richland,99352,WA,427
416,eden_jayson@yahoo.com,Eden,lowstar77,100.0,User,4 Iwaena St,Baltimore,21202,MD,428
417,lynelle_auber@gmail.com,Lynelle,proudbed29,100.0,User,32820 Corkwood Rd,Newark,7104,NJ,429
418,merissa.tomblin@gmail.com,Merissa,proudcow96,100.0,User,34 Raritan Center Pky,Bellflower,90706,CA,430
419,golda_kaniecki@yahoo.com,Golda,tallrock50,100.0,User,6201 S Nevada Ave,Toms River,8755,NJ,431
420,catarina_gleich@hotmail.com,Catarina,jollysock23,100.0,User,78 Maryland Dr #146,Denville,7834,NJ,432
421,vkiel@hotmail.com,Virgie,tinyhorse52,100.0,User,76598 Rd  I 95 #1,Denver,80216,CO,433
422,jolene@yahoo.com,Jolene,quietwish71,100.0,User,1610 14th St Nw,Newport News,23608,VA,434
423,keneth@yahoo.com,Keneth,sillybook39,100.0,User,86350 Roszel Rd,Phoenix,85012,AZ,435
424,rikki@nayar.com,Rikki,quietmeal63,100.0,User,1644 Clove Rd,Miami,33155,FL,436
425,elke_sengbusch@yahoo.com,Elke,coolbed50,100.0,User,9 W Central Ave,Phoenix,85013,AZ,437
426,hoa@sarao.org,Hoa,coldplot20,100.0,User,27846 Lafayette Ave,Oak Hill,32759,FL,438
427,trinidad_mcrae@yahoo.com,Trinidad,flathair12,100.0,User,10276 Brooks St,San Francisco,94105,CA,439
428,mari_lueckenbach@yahoo.com,Mari,graypest73,100.0,User,1 Century Park E,San Diego,92110,CA,440
429,selma.husser@cox.net,Selma,oddtoe55,100.0,User,9 State Highway 57 #22,Jersey City,7306,NJ,441
430,aonofrio@onofrio.com,Antione,yellowrock27,100.0,User,4 S Washington Ave,San Bernardino,92410,CA,442
431,ljurney@hotmail.com,Luisa,oddcow86,100.0,User,25 Se 176th Pl,Cambridge,2138,MA,443
432,clorinda.heimann@hotmail.com,Clorinda,cleandoor71,100.0,User,105 Richmond Valley Rd,Escondido,92025,CA,444
433,dick@yahoo.com,Dick,smallbun14,100.0,User,22 Spruce St #595,Gardena,90248,CA,445
434,ahmed.angalich@angalich.com,Ahmed,quietjar39,100.0,User,2 W Beverly Blvd,Harrisburg,17110,PA,446
435,iluminada.ohms@yahoo.com,Iluminada,tallcamp72,100.0,User,72 Southern Blvd,Mesa,85204,AZ,447
436,joanna_leinenbach@hotmail.com,Joanna,dryhat39,100.0,User,1 Washington St,Lake Worth,33461,FL,448
437,caprice@aol.com,Caprice,youngbun25,100.0,User,90177 N 55th Ave,Nashville,37211,TN,449
438,stephane_myricks@cox.net,Stephane,yellowegg54,100.0,User,9 Tower Ave,Burlington,41005,KY,450
439,quentin_swayze@yahoo.com,Quentin,orangewish60,100.0,User,278 Bayview Ave,Milan,48160,MI,451
440,annmarie_castros@gmail.com,Annmarie,yellowplot57,100.0,User,80312 W 32nd St,Conroe,77301,TX,452
441,shonda_greenbush@cox.net,Shonda,coldmouse52,100.0,User,82 Us Highway 46,Clifton,7011,NJ,453
442,clapage@lapage.com,Cecil,shorttoy18,100.0,User,4 Stovall St #72,Union City,7087,NJ,454
443,jeanice.claucherty@yahoo.com,Jeanice,roundhorse55,100.0,User,19 Amboy Ave,Miami,33142,FL,455
444,josphine_villanueva@villanueva.com,Josphine,richmeal26,100.0,User,63 Smith Ln #8343,Moss,38575,TN,456
445,dperruzza@perruzza.com,Daniel,smallmap94,100.0,User,11360 S Halsted St,Santa Ana,92705,CA,457
446,cassi.wildfong@aol.com,Cassi,prouddoll68,100.0,User,26849 Jefferson Hwy,Rolling Meadows,60008,IL,458
447,britt@galam.org,Britt,shortbird32,100.0,User,2500 Pringle Rd Se #508,Hatfield,19440,PA,459
448,adell.lipkin@lipkin.com,Adell,smalldime83,100.0,User,65 Mountain View Dr,Whippany,7981,NJ,460
449,jacqueline.rowling@yahoo.com,Jacqueline,coolowl97,100.0,User,1 N San Saba,Erie,16501,PA,461
450,lonny_weglarz@gmail.com,Lonny,lowcow97,100.0,User,51120 State Route 18,Salt Lake City,84115,UT,462
451,lonna_diestel@gmail.com,Lonna,oddmeal90,100.0,User,1482 College Ave,Fayetteville,28301,NC,463
452,cristal@cox.net,Cristal,happytoy68,100.0,User,4119 Metropolitan Dr,Los Angeles,90021,CA,464
453,kenneth.grenet@grenet.org,Kenneth,calmsong52,100.0,User,2167 Sierra Rd,East Lansing,48823,MI,465
454,emclaird@mclaird.com,Elli,drystar94,100.0,User,6 Sunrise Ave,Utica,13501,NY,466
455,ajeanty@gmail.com,Alline,bluejar81,100.0,User,55713 Lake City Hwy,South Bend,46601,IN,467
456,sharika.eanes@aol.com,Sharika,funnyarm88,100.0,User,75698 N Fiesta Blvd,Orlando,32806,FL,468
457,nu@gmail.com,Nu,coolstar27,100.0,User,88 Sw 28th Ter,Harrison,7029,NJ,469
458,dcomnick@cox.net,Daniela,reddog74,100.0,User,7 Flowers Rd #403,Trenton,8611,NJ,470
459,cecilia_colaizzo@colaizzo.com,Cecilia,happytoy39,100.0,User,4 Nw 12th St #3849,Madison,53717,WI,471
460,leslie@cox.net,Leslie,talldoor64,100.0,User,2 A Kelley Dr,Katonah,10536,NY,472
461,nan@koppinger.com,Nan,prettymouse23,100.0,User,88827 Frankford Ave,Greensboro,27401,NC,473
462,idewar@dewar.com,Izetta,pinktoy12,100.0,User,2 W Scyene Rd #3,Baltimore,21217,MD,474
463,tegan.arceo@arceo.org,Tegan,jollykite94,100.0,User,62260 Park Stre,Monroe Township,8831,NJ,475
464,ruthann@hotmail.com,Ruthann,nicebunny83,100.0,User,3424 29th St Se,Kerrville,78028,TX,476
465,joni_breland@cox.net,Joni,proudcamp39,100.0,User,35 E Main St #43,Elk Grove Village,60007,IL,477
466,vrentfro@cox.net,Vi,bluemeal83,100.0,User,7163 W Clark Rd,Freehold,7728,NJ,478
467,colette.kardas@yahoo.com,Colette,prettydime27,100.0,User,21575 S Apple Creek Rd,Omaha,68124,NE,479
468,malcolm_tromblay@cox.net,Malcolm,shortfog77,100.0,User,747 Leonis Blvd,Annandale,22003,VA,480
469,ryan@cox.net,Ryan,prettyjar82,100.0,User,13 Gunnison St,Plano,75075,TX,481
470,jess.chaffins@chaffins.org,Jess,proudfog53,100.0,User,18 3rd Ave,New York,10016,NY,482
471,sbourbon@yahoo.com,Sharen,odddoor50,100.0,User,62 W Austin St,Syosset,11791,NY,483
472,nickolas_juvera@cox.net,Nickolas,redcat28,100.0,User,177 S Rider Trl #52,Crystal River,34429,FL,484
473,gary_nunlee@nunlee.org,Gary,loudhat16,100.0,User,2 W Mount Royal Ave,Fortville,46040,IN,485
474,diane@cox.net,Diane,sillyhorse44,100.0,User,1953 Telegraph Rd,Saint Joseph,64504,MO,486
475,roslyn.chavous@chavous.org,Roslyn,graymeal14,100.0,User,63517 Dupont St,Jackson,39211,MS,487
476,glory@yahoo.com,Glory,kindclam83,100.0,User,5 E Truman Rd,Abilene,79602,TX,488
477,rasheeda@aol.com,Rasheeda,nicehat63,100.0,User,251 Park Ave #979,Saratoga,95070,CA,489
478,alpha@yahoo.com,Alpha,orangelock94,100.0,User,43496 Commercial Dr #29,Cherry Hill,8003,NJ,490
479,refugia.jacobos@jacobos.com,Refugia,redbun36,100.0,User,2184 Worth St,Hayward,94545,CA,491
480,shawnda.yori@yahoo.com,Shawnda,roundjoke37,100.0,User,50126 N Plankinton Ave,Longwood,32750,FL,492
481,mdelasancha@hotmail.com,Mona,coolcamp48,100.0,User,38773 Gravois Ave,Cheyenne,82001,WY,493
482,gilma_liukko@gmail.com,Gilma,quietbat33,100.0,User,16452 Greenwich St,Garden City,11530,NY,494
483,jgabisi@hotmail.com,Janey,cutekite42,100.0,User,40 Cambridge Ave,Madison,53715,WI,495
484,lili.paskin@cox.net,Lili,yellowmouse31,100.0,User,20113 4th Ave E,Kearny,7032,NJ,496
485,loren.asar@aol.com,Loren,prettysnow66,100.0,User,6 Ridgewood Center Dr,Old Forge,18518,PA,497
486,dorothy@cox.net,Dorothy,purplecow11,100.0,User,469 Outwater Ln,San Diego,92126,CA,498
487,gail_similton@similton.com,Gail,dryplot39,100.0,User,62 Monroe St,Thousand Palms,92276,CA,499
488,catalina@hotmail.com,Catalina,oddfog33,100.0,User,3338 A Lockport Pl #6,Margate City,8402,NJ,500
489,lawrence.lorens@hotmail.com,Lawrence,proudrock79,100.0,User,9 Hwy,Providence,2906,RI,501
490,carlee.boulter@hotmail.com,Carlee,reddesk19,100.0,User,8284 Hart St,Abilene,67410,KS,502
491,tankeny@ankeny.org,Thaddeus,purplesnow36,100.0,User,5 Washington St #1,Roseville,95678,CA,503
492,joles@gmail.com,Jovita,sillywish38,100.0,User,8 S Haven St,Daytona Beach,32114,FL,504
493,alesia_hixenbaugh@hixenbaugh.org,Alesia,funnydesk12,100.0,User,9 Front St,Washington,20001,DC,505
494,lai@gmail.com,Lai,loudhorse82,100.0,User,1933 Packer Ave #2,Novato,94945,CA,506
495,bgillaspie@gillaspie.com,Brittni,coldwish48,100.0,User,67 Rv Cent,Boise,83709,ID,507
496,rkampa@kampa.org,Raylene,richtoe25,100.0,User,2 Sw Nyberg Rd,Elkhart,46514,IN,508
497,flo.bookamer@cox.net,Flo,coldbird92,100.0,User,89992 E 15th St,Alliance,69301,NE,509
498,jbiddy@yahoo.com,Jani,sillyhair34,100.0,User,61556 W 20th Ave,Seattle,98104,WA,510
499,chauncey_motley@aol.com,Chauncey,graydesk12,100.0,User,63 E Aurora Dr,Orlando,32804,FL,511
